SET IDENTITY_INSERT [dbo].[Contract] ON

INSERT [dbo].[Contract] ([id], [customer_id], [company_id], [address_id], [status], [start_date], [end_date], [price], [rating], [created_at], [updated_at], [deleted_at]) VALUES (4, 4, 4, 4, N'signed', CAST(N'2024-08-10' AS Date), CAST(N'2025-08-10' AS Date), 5500, N'very good', CAST(N'2024-08-10T12:00:00.000' AS DateTime), CAST(N'2024-08-10T12:00:00.000' AS DateTime), NULL)
INSERT [dbo].[Contract] ([id], [customer_id], [company_id], [address_id], [status], [start_date], [end_date], [price], [rating], [created_at], [updated_at], [deleted_at]) VALUES (5, 5, 5, 5, N'unsigned', CAST(N'2024-08-20' AS Date), CAST(N'2025-08-20' AS Date), 3200, N'average', CAST(N'2024-08-10T12:00:00.000' AS DateTime), CAST(N'2024-08-10T12:00:00.000' AS DateTime), NULL)
INSERT [dbo].[Contract] ([id], [customer_id], [company_id], [address_id], [status], [start_date], [end_date], [price], [rating], [created_at], [updated_at], [deleted_at]) VALUES (6, 6, 6, 6, N'signed', CAST(N'2024-09-05' AS Date), CAST(N'2025-09-05' AS Date), 6000, N'excellent', CAST(N'2024-08-10T12:00:00.000' AS DateTime), CAST(N'2024-08-10T12:00:00.000' AS DateTime), NULL)
INSERT [dbo].[Contract] ([id], [customer_id], [company_id], [address_id], [status], [start_date], [end_date], [price], [rating], [created_at], [updated_at], [deleted_at]) VALUES (7, 7, 7, 7, N'pending', CAST(N'2024-09-10' AS Date), CAST(N'2025-09-10' AS Date), 4500, N'good', CAST(N'2024-08-10T12:00:00.000' AS DateTime), CAST(N'2024-08-10T12:00:00.000' AS DateTime), NULL)
INSERT [dbo].[Contract] ([id], [customer_id], [company_id], [address_id], [status], [start_date], [end_date], [price], [rating], [created_at], [updated_at], [deleted_at]) VALUES (8, 8, 8, 8, N'unsigned', CAST(N'2024-08-25' AS Date), CAST(N'2025-08-25' AS Date), 3700, N'fair', CAST(N'2024-08-10T12:00:00.000' AS DateTime), CAST(N'2024-08-10T12:00:00.000' AS DateTime), NULL)
INSERT [dbo].[Contract] ([id], [customer_id], [company_id], [address_id], [status], [start_date], [end_date], [price], [rating], [created_at], [updated_at], [deleted_at]) VALUES (9, 9, 9, 9, N'signed', CAST(N'2024-09-15' AS Date), CAST(N'2025-09-15' AS Date), 4800, N'good', CAST(N'2024-08-10T12:00:00.000' AS DateTime), CAST(N'2024-08-10T12:00:00.000' AS DateTime), NULL)
INSERT [dbo].[Contract] ([id], [customer_id], [company_id], [address_id], [status], [start_date], [end_date], [price], [rating], [created_at], [updated_at], [deleted_at]) VALUES (10, 10, 10, 10, N'pending', CAST(N'2024-09-20' AS Date), CAST(N'2025-09-20' AS Date), 4200, N'good', CAST(N'2024-08-10T12:00:00.000' AS DateTime), CAST(N'2024-08-10T12:00:00.000' AS DateTime), NULL)
INSERT [dbo].[Contract] ([id], [customer_id], [company_id], [address_id], [status], [start_date], [end_date], [price], [rating], [created_at], [updated_at], [deleted_at]) VALUES (11, 11, 11, 11, N'unsigned', CAST(N'2024-08-30' AS Date), CAST(N'2025-08-30' AS Date), 3500, N'average', CAST(N'2024-08-10T12:00:00.000' AS DateTime), CAST(N'2024-08-10T12:00:00.000' AS DateTime), NULL)
INSERT [dbo].[Contract] ([id], [customer_id], [company_id], [address_id], [status], [start_date], [end_date], [price], [rating], [created_at], [updated_at], [deleted_at]) VALUES (12, 12, 12, 12, N'signed', CAST(N'2024-10-01' AS Date), CAST(N'2025-10-01' AS Date), 5000, N'very good', CAST(N'2024-08-10T12:00:00.000' AS DateTime), CAST(N'2024-08-10T12:00:00.000' AS DateTime), NULL)
INSERT [dbo].[Contract] ([id], [customer_id], [company_id], [address_id], [status], [start_date], [end_date], [price], [rating], [created_at], [updated_at], [deleted_at]) VALUES (13, 13, 13, 13, N'unsigned', CAST(N'2024-09-25' AS Date), CAST(N'2025-09-25' AS Date), 3900, N'good', CAST(N'2024-08-10T12:00:00.000' AS DateTime), CAST(N'2024-08-10T12:00:00.000' AS DateTime), NULL)
INSERT [dbo].[Contract] ([id], [customer_id], [company_id], [address_id], [status], [start_date], [end_date], [price], [rating], [created_at], [updated_at], [deleted_at]) VALUES (14, 14, 14, 14, N'signed', CAST(N'2024-10-05' AS Date), CAST(N'2025-10-05' AS Date), 6000, N'excellent', CAST(N'2024-08-10T12:00:00.000' AS DateTime), CAST(N'2024-08-10T12:00:00.000' AS DateTime), NULL)
INSERT [dbo].[Contract] ([id], [customer_id], [company_id], [address_id], [status], [start_date], [end_date], [price], [rating], [created_at], [updated_at], [deleted_at]) VALUES (15, 15, 15, 15, N'pending', CAST(N'2024-09-30' AS Date), CAST(N'2025-09-30' AS Date), 4500, N'very good', CAST(N'2024-08-10T12:00:00.000' AS DateTime), CAST(N'2024-08-10T12:00:00.000' AS DateTime), NULL)
INSERT [dbo].[Contract] ([id], [customer_id], [company_id], [address_id], [status], [start_date], [end_date], [price], [rating], [created_at], [updated_at], [deleted_at]) VALUES (16, 16, 16, 16, N'unsigned', CAST(N'2024-10-10' AS Date), CAST(N'2025-10-10' AS Date), 4700, N'good', CAST(N'2024-08-10T12:00:00.000' AS DateTime), CAST(N'2024-08-10T12:00:00.000' AS DateTime), NULL)
INSERT [dbo].[Contract] ([id], [customer_id], [company_id], [address_id], [status], [start_date], [end_date], [price], [rating], [created_at], [updated_at], [deleted_at]) VALUES (17, 17, 17, 17, N'signed', CAST(N'2024-10-15' AS Date), CAST(N'2025-10-15' AS Date), 5300, N'average', CAST(N'2024-08-10T12:00:00.000' AS DateTime), CAST(N'2024-08-10T12:00:00.000' AS DateTime), NULL)
INSERT [dbo].[Contract] ([id], [customer_id], [company_id], [address_id], [status], [start_date], [end_date], [price], [rating], [created_at], [updated_at], [deleted_at]) VALUES (18, 18, 18, 18, N'pending', CAST(N'2024-10-20' AS Date), CAST(N'2025-10-20' AS Date), 4900, N'fair', CAST(N'2024-08-10T12:00:00.000' AS DateTime), CAST(N'2024-08-10T12:00:00.000' AS DateTime), NULL)
INSERT [dbo].[Contract] ([id], [customer_id], [company_id], [address_id], [status], [start_date], [end_date], [price], [rating], [created_at], [updated_at], [deleted_at]) VALUES (19, 19, 19, 19, N'unsigned', CAST(N'2024-10-25' AS Date), CAST(N'2025-10-25' AS Date), 5000, N'good', CAST(N'2024-08-10T12:00:00.000' AS DateTime), CAST(N'2024-08-10T12:00:00.000' AS DateTime), NULL)
INSERT [dbo].[Contract] ([id], [customer_id], [company_id], [address_id], [status], [start_date], [end_date], [price], [rating], [created_at], [updated_at], [deleted_at]) VALUES (20, 20, 20, 20, N'signed', CAST(N'2024-11-01' AS Date), CAST(N'2025-11-01' AS Date), 5100, N'excellent', CAST(N'2024-08-10T12:00:00.000' AS DateTime), CAST(N'2024-08-10T12:00:00.000' AS DateTime), NULL)

SET IDENTITY_INSERT [dbo].[Contract] OFF
GO
-----
SELECT * FROM [dbo].[Company];
------
SET IDENTITY_INSERT [dbo].[Customer] ON 

INSERT [dbo].[Customer] ([id], [user_id], [avatar], [bio], [deleted_at]) VALUES (4, 4, N'avatar4.jpg', N'Enthusiast in photography', NULL)
INSERT [dbo].[Customer] ([id], [user_id], [avatar], [bio], [deleted_at]) VALUES (5, 5, N'avatar5.jpg', N'Vegan food lover', NULL)
INSERT [dbo].[Customer] ([id], [user_id], [avatar], [bio], [deleted_at]) VALUES (6, 6, N'avatar6.jpg', N'Bookworm and blogger', NULL)
INSERT [dbo].[Customer] ([id], [user_id], [avatar], [bio], [deleted_at]) VALUES (7, 7, N'avatar7.jpg', N'Yoga instructor', NULL)
INSERT [dbo].[Customer] ([id], [user_id], [avatar], [bio], [deleted_at]) VALUES (8, 8, N'avatar8.jpg', N'Music producer', NULL)
INSERT [dbo].[Customer] ([id], [user_id], [avatar], [bio], [deleted_at]) VALUES (9, 9, N'avatar9.jpg', N'Fitness coach', NULL)
INSERT [dbo].[Customer] ([id], [user_id], [avatar], [bio], [deleted_at]) VALUES (10, 10, N'avatar10.jpg', N'Chef and culinary artist', NULL)
INSERT [dbo].[Customer] ([id], [user_id], [avatar], [bio], [deleted_at]) VALUES (11, 11, N'avatar11.jpg', N'Traveler and explorer', NULL)
INSERT [dbo].[Customer] ([id], [user_id], [avatar], [bio], [deleted_at]) VALUES (12, 12, N'avatar12.jpg', N'Car enthusiast', NULL)
INSERT [dbo].[Customer] ([id], [user_id], [avatar], [bio], [deleted_at]) VALUES (13, 13, N'avatar13.jpg', N'Entrepreneur and mentor', NULL)
INSERT [dbo].[Customer] ([id], [user_id], [avatar], [bio], [deleted_at]) VALUES (14, 14, N'avatar14.jpg', N'Fashion designer', NULL)
INSERT [dbo].[Customer] ([id], [user_id], [avatar], [bio], [deleted_at]) VALUES (15, 15, N'avatar15.jpg', N'Graphic designer', NULL)
INSERT [dbo].[Customer] ([id], [user_id], [avatar], [bio], [deleted_at]) VALUES (16, 16, N'avatar16.jpg', N'Game developer', NULL)
INSERT [dbo].[Customer] ([id], [user_id], [avatar], [bio], [deleted_at]) VALUES (17, 17, N'avatar17.jpg', N'Photographer', NULL)
INSERT [dbo].[Customer] ([id], [user_id], [avatar], [bio], [deleted_at]) VALUES (18, 18, N'avatar18.jpg', N'Film director', NULL)
INSERT [dbo].[Customer] ([id], [user_id], [avatar], [bio], [deleted_at]) VALUES (19, 19, N'avatar19.jpg', N'Marketing specialist', NULL)
INSERT [dbo].[Customer] ([id], [user_id], [avatar], [bio], [deleted_at]) VALUES (20, 20, N'avatar20.jpg', N'Social media influencer', NULL)

SET IDENTITY_INSERT [dbo].[Customer] OFF
GO
---------

SET IDENTITY_INSERT [dbo].[User] ON 

INSERT [dbo].[User] ([id], [address_id], [full_name], [user_name], [phone], [email], [password], [gender], [day_of_birth], [role], [company_id], [deleted_at]) VALUES (4, 4, N'Bob Brown', N'bobbrown', N'1231231234', N'bob@example.com', N'password123', N'male', CAST(N'1988-04-04T00:00:00.000' AS DateTime), N'admin', 1, NULL)
INSERT [dbo].[User] ([id], [address_id], [full_name], [user_name], [phone], [email], [password], [gender], [day_of_birth], [role], [company_id], [deleted_at]) VALUES (5, 5, N'Carol White', N'carolwhite', N'3213214321', N'carol@example.com', N'password123', N'female', CAST(N'1990-05-05T00:00:00.000' AS DateTime), N'customer', 2, NULL)
INSERT [dbo].[User] ([id], [address_id], [full_name], [user_name], [phone], [email], [password], [gender], [day_of_birth], [role], [company_id], [deleted_at]) VALUES (6, 6, N'David Green', N'davidgreen', N'4564564567', N'david@example.com', N'password123', N'male', CAST(N'1991-06-06T00:00:00.000' AS DateTime), N'bodyguard', 3, NULL)
INSERT [dbo].[User] ([id], [address_id], [full_name], [user_name], [phone], [email], [password], [gender], [day_of_birth], [role], [company_id], [deleted_at]) VALUES (7, 7, N'Emma Black', N'emmablack', N'6546546543', N'emma@example.com', N'password123', N'female', CAST(N'1993-07-07T00:00:00.000' AS DateTime), N'admin', 1, NULL)
INSERT [dbo].[User] ([id], [address_id], [full_name], [user_name], [phone], [email], [password], [gender], [day_of_birth], [role], [company_id], [deleted_at]) VALUES (8, 8, N'Frank Blue', N'frankblue', N'7897897890', N'frank@example.com', N'password123', N'male', CAST(N'1995-08-08T00:00:00.000' AS DateTime), N'customer', 2, NULL)
INSERT [dbo].[User] ([id], [address_id], [full_name], [user_name], [phone], [email], [password], [gender], [day_of_birth], [role], [company_id], [deleted_at]) VALUES (9, 9, N'Grace Gray', N'gracegray', N'9879879876', N'grace@example.com', N'password123', N'female', CAST(N'1996-09-09T00:00:00.000' AS DateTime), N'bodyguard', 3, NULL)
INSERT [dbo].[User] ([id], [address_id], [full_name], [user_name], [phone], [email], [password], [gender], [day_of_birth], [role], [company_id], [deleted_at]) VALUES (10, 10, N'Harry Orange', N'harryorange', N'1237894560', N'harry@example.com', N'password123', N'male', CAST(N'1987-10-10T00:00:00.000' AS DateTime), N'admin', 1, NULL)
INSERT [dbo].[User] ([id], [address_id], [full_name], [user_name], [phone], [email], [password], [gender], [day_of_birth], [role], [company_id], [deleted_at]) VALUES (11, 11, N'Isabel Pink', N'isabelpink', N'4561237890', N'isabel@example.com', N'password123', N'female', CAST(N'1988-11-11T00:00:00.000' AS DateTime), N'customer', 2, NULL)
INSERT [dbo].[User] ([id], [address_id], [full_name], [user_name], [phone], [email], [password], [gender], [day_of_birth], [role], [company_id], [deleted_at]) VALUES (12, 12, N'Jack Red', N'jackred', N'7894561230', N'jack@example.com', N'password123', N'male', CAST(N'1990-12-12T00:00:00.000' AS DateTime), N'bodyguard', 3, NULL)
INSERT [dbo].[User] ([id], [address_id], [full_name], [user_name], [phone], [email], [password], [gender], [day_of_birth], [role], [company_id], [deleted_at]) VALUES (13, 13, N'Kimberly Teal', N'kimberlyteal', N'3216549870', N'kimberly@example.com', N'password123', N'female', CAST(N'1992-01-13T00:00:00.000' AS DateTime), N'admin', 1, NULL)
INSERT [dbo].[User] ([id], [address_id], [full_name], [user_name], [phone], [email], [password], [gender], [day_of_birth], [role], [company_id], [deleted_at]) VALUES (14, 14, N'Leo Violet', N'leoviolet', N'6543217890', N'leo@example.com', N'password123', N'male', CAST(N'1993-02-14T00:00:00.000' AS DateTime), N'customer', 2, NULL)
INSERT [dbo].[User] ([id], [address_id], [full_name], [user_name], [phone], [email], [password], [gender], [day_of_birth], [role], [company_id], [deleted_at]) VALUES (15, 15, N'Mona Yellow', N'monayellow', N'9873214560', N'mona@example.com', N'password123', N'female', CAST(N'1994-03-15T00:00:00.000' AS DateTime), N'bodyguard', 3, NULL)
INSERT [dbo].[User] ([id], [address_id], [full_name], [user_name], [phone], [email], [password], [gender], [day_of_birth], [role], [company_id], [deleted_at]) VALUES (16, 16, N'Nathan Indigo', N'nathanindigo', N'3217894560', N'nathan@example.com', N'password123', N'male', CAST(N'1995-04-16T00:00:00.000' AS DateTime), N'admin', 1, NULL)
INSERT [dbo].[User] ([id], [address_id], [full_name], [user_name], [phone], [email], [password], [gender], [day_of_birth], [role], [company_id], [deleted_at]) VALUES (17, 17, N'Olivia Brown', N'oliviabrown', N'6549873210', N'olivia@example.com', N'password123', N'female', CAST(N'1996-05-17T00:00:00.000' AS DateTime), N'customer', 2, NULL)
INSERT [dbo].[User] ([id], [address_id], [full_name], [user_name], [phone], [email], [password], [gender], [day_of_birth], [role], [company_id], [deleted_at]) VALUES (18, 18, N'Paul Gray', N'paulgray', N'9876543210', N'paul@example.com', N'password123', N'male', CAST(N'1997-06-18T00:00:00.000' AS DateTime), N'bodyguard', 3, NULL)
INSERT [dbo].[User] ([id], [address_id], [full_name], [user_name], [phone], [email], [password], [gender], [day_of_birth], [role], [company_id], [deleted_at]) VALUES (19, 19, N'Quinn White', N'quinnwhite', N'3214567890', N'quinn@example.com', N'password123', N'female', CAST(N'1998-07-19T00:00:00.000' AS DateTime), N'admin', 1, NULL)
INSERT [dbo].[User] ([id], [address_id], [full_name], [user_name], [phone], [email], [password], [gender], [day_of_birth], [role], [company_id], [deleted_at]) VALUES (20, 20, N'Rachel Black', N'rachelblack', N'6543210987', N'rachel@example.com', N'password123', N'female', CAST(N'1999-08-20T00:00:00.000' AS DateTime), N'customer', 2, NULL)

SET IDENTITY_INSERT [dbo].[User] OFF
GO


-----
SET IDENTITY_INSERT [dbo].[Feedback] ON 

INSERT [dbo].[Feedback] ([id], [user_id], [content], [createdAt], [deleted_at]) VALUES (4, 4, N'Excellent service, highly recommend!', CAST(N'2024-08-10T12:00:00.000' AS DateTime), NULL)
INSERT [dbo].[Feedback] ([id], [user_id], [content], [createdAt], [deleted_at]) VALUES (5, 5, N'Good service but room for improvement.', CAST(N'2024-08-10T12:10:00.000' AS DateTime), NULL)
INSERT [dbo].[Feedback] ([id], [user_id], [content], [createdAt], [deleted_at]) VALUES (6, 6, N'Quick and efficient, very pleased.', CAST(N'2024-08-10T12:20:00.000' AS DateTime), NULL)
INSERT [dbo].[Feedback] ([id], [user_id], [content], [createdAt], [deleted_at]) VALUES (7, 7, N'Service was okay, not exceptional.', CAST(N'2024-08-10T12:30:00.000' AS DateTime), NULL)
INSERT [dbo].[Feedback] ([id], [user_id], [content], [createdAt], [deleted_at]) VALUES (8, 8, N'Highly satisfied, will use again!', CAST(N'2024-08-10T12:40:00.000' AS DateTime), NULL)
INSERT [dbo].[Feedback] ([id], [user_id], [content], [createdAt], [deleted_at]) VALUES (9, 9, N'Not bad, but could use more attention to detail.', CAST(N'2024-08-10T12:50:00.000' AS DateTime), NULL)
INSERT [dbo].[Feedback] ([id], [user_id], [content], [createdAt], [deleted_at]) VALUES (10, 10, N'Fantastic experience, very professional.', CAST(N'2024-08-10T13:00:00.000' AS DateTime), NULL)
INSERT [dbo].[Feedback] ([id], [user_id], [content], [createdAt], [deleted_at]) VALUES (11, 11, N'Satisfactory service, met expectations.', CAST(N'2024-08-10T13:10:00.000' AS DateTime), NULL)
INSERT [dbo].[Feedback] ([id], [user_id], [content], [createdAt], [deleted_at]) VALUES (12, 12, N'Good overall, but some delays.', CAST(N'2024-08-10T13:20:00.000' AS DateTime), NULL)
INSERT [dbo].[Feedback] ([id], [user_id], [content], [createdAt], [deleted_at]) VALUES (13, 13, N'Exceptional service, will recommend to friends.', CAST(N'2024-08-10T13:30:00.000' AS DateTime), NULL)
INSERT [dbo].[Feedback] ([id], [user_id], [content], [createdAt], [deleted_at]) VALUES (14, 14, N'Pleasant experience, but can be improved.', CAST(N'2024-08-10T13:40:00.000' AS DateTime), NULL)
INSERT [dbo].[Feedback] ([id], [user_id], [content], [createdAt], [deleted_at]) VALUES (15, 15, N'Average service, would expect better.', CAST(N'2024-08-10T13:50:00.000' AS DateTime), NULL)
INSERT [dbo].[Feedback] ([id], [user_id], [content], [createdAt], [deleted_at]) VALUES (16, 16, N'Great job, very attentive.', CAST(N'2024-08-10T14:00:00.000' AS DateTime), NULL)
INSERT [dbo].[Feedback] ([id], [user_id], [content], [createdAt], [deleted_at]) VALUES (17, 17, N'Fair service, could use some improvements.', CAST(N'2024-08-10T14:10:00.000' AS DateTime), NULL)
INSERT [dbo].[Feedback] ([id], [user_id], [content], [createdAt], [deleted_at]) VALUES (18, 18, N'Very pleased with the service, thank you!', CAST(N'2024-08-10T14:20:00.000' AS DateTime), NULL)
INSERT [dbo].[Feedback] ([id], [user_id], [content], [createdAt], [deleted_at]) VALUES (19, 19, N'Service was good but had minor issues.', CAST(N'2024-08-10T14:30:00.000' AS DateTime), NULL)
INSERT [dbo].[Feedback] ([id], [user_id], [content], [createdAt], [deleted_at]) VALUES (20, 20, N'Could improve in some areas, but overall satisfactory.', CAST(N'2024-08-10T14:40:00.000' AS DateTime), NULL)

SET IDENTITY_INSERT [dbo].[Feedback] OFF
GO
-----


INSERT [dbo].[FeedbackContract] ([feedback_id], [contract_id], [deleted_at]) VALUES (4, 4, NULL)
INSERT [dbo].[FeedbackContract] ([feedback_id], [contract_id], [deleted_at]) VALUES (5, 5, NULL)
INSERT [dbo].[FeedbackContract] ([feedback_id], [contract_id], [deleted_at]) VALUES (6, 6, NULL)
INSERT [dbo].[FeedbackContract] ([feedback_id], [contract_id], [deleted_at]) VALUES (7, 7, NULL)
INSERT [dbo].[FeedbackContract] ([feedback_id], [contract_id], [deleted_at]) VALUES (8, 8, NULL)
INSERT [dbo].[FeedbackContract] ([feedback_id], [contract_id], [deleted_at]) VALUES (9, 9, NULL)
INSERT [dbo].[FeedbackContract] ([feedback_id], [contract_id], [deleted_at]) VALUES (10, 10, NULL)
INSERT [dbo].[FeedbackContract] ([feedback_id], [contract_id], [deleted_at]) VALUES (11, 11, NULL)
INSERT [dbo].[FeedbackContract] ([feedback_id], [contract_id], [deleted_at]) VALUES (12, 12, NULL)
INSERT [dbo].[FeedbackContract] ([feedback_id], [contract_id], [deleted_at]) VALUES (13, 13, NULL)
INSERT [dbo].[FeedbackContract] ([feedback_id], [contract_id], [deleted_at]) VALUES (14, 14, NULL)
INSERT [dbo].[FeedbackContract] ([feedback_id], [contract_id], [deleted_at]) VALUES (15, 15, NULL)
INSERT [dbo].[FeedbackContract] ([feedback_id], [contract_id], [deleted_at]) VALUES (16, 16, NULL)
INSERT [dbo].[FeedbackContract] ([feedback_id], [contract_id], [deleted_at]) VALUES (17, 17, NULL)
INSERT [dbo].[FeedbackContract] ([feedback_id], [contract_id], [deleted_at]) VALUES (18, 18, NULL)
INSERT [dbo].[FeedbackContract] ([feedback_id], [contract_id], [deleted_at]) VALUES (19, 19, NULL)
INSERT [dbo].[FeedbackContract] ([feedback_id], [contract_id], [deleted_at]) VALUES (20, 20, NULL)

SET IDENTITY_INSERT [dbo].[FeedbackContract] OFF
GO
----
SET IDENTITY_INSERT [dbo].[Images] ON 

INSERT [dbo].[Images] ([id], [url], [deleted_at]) VALUES (4, N'image4.jpg', NULL)
INSERT [dbo].[Images] ([id], [url], [deleted_at]) VALUES (5, N'image5.jpg', NULL)
INSERT [dbo].[Images] ([id], [url], [deleted_at]) VALUES (6, N'image6.jpg', NULL)
INSERT [dbo].[Images] ([id], [url], [deleted_at]) VALUES (7, N'image7.jpg', NULL)
INSERT [dbo].[Images] ([id], [url], [deleted_at]) VALUES (8, N'image8.jpg', NULL)
INSERT [dbo].[Images] ([id], [url], [deleted_at]) VALUES (9, N'image9.jpg', NULL)
INSERT [dbo].[Images] ([id], [url], [deleted_at]) VALUES (10, N'image10.jpg', NULL)
INSERT [dbo].[Images] ([id], [url], [deleted_at]) VALUES (11, N'image11.jpg', NULL)
INSERT [dbo].[Images] ([id], [url], [deleted_at]) VALUES (12, N'image12.jpg', NULL)
INSERT [dbo].[Images] ([id], [url], [deleted_at]) VALUES (13, N'image13.jpg', NULL)
INSERT [dbo].[Images] ([id], [url], [deleted_at]) VALUES (14, N'image14.jpg', NULL)
INSERT [dbo].[Images] ([id], [url], [deleted_at]) VALUES (15, N'image15.jpg', NULL)
INSERT [dbo].[Images] ([id], [url], [deleted_at]) VALUES (16, N'image16.jpg', NULL)
INSERT [dbo].[Images] ([id], [url], [deleted_at]) VALUES (17, N'image17.jpg', NULL)
INSERT [dbo].[Images] ([id], [url], [deleted_at]) VALUES (18, N'image18.jpg', NULL)
INSERT [dbo].[Images] ([id], [url], [deleted_at]) VALUES (19, N'image19.jpg', NULL)
INSERT [dbo].[Images] ([id], [url], [deleted_at]) VALUES (20, N'image20.jpg', NULL)

SET IDENTITY_INSERT [dbo].[Images] OFF
GO
----
SET IDENTITY_INSERT [dbo].[Job] ON 

INSERT [dbo].[Job] ([id], [skills], [experience], [certificate], [health], [license], [deleted_at]) VALUES (4, N'Advanced Combat, Tactical Training', N'4 years', N'Advanced Security Certification', N'Good', N'Valid', NULL)
INSERT [dbo].[Job] ([id], [skills], [experience], [certificate], [health], [license], [deleted_at]) VALUES (5, N'Vehicle Security, Crisis Management', N'6 years', N'Vehicle Security License', N'Excellent', N'Valid', NULL)
INSERT [dbo].[Job] ([id], [skills], [experience], [certificate], [health], [license], [deleted_at]) VALUES (6, N'Personal Protection, Surveillance', N'5 years', N'Personal Protection Certification', N'Good', N'Valid', NULL)
INSERT [dbo].[Job] ([id], [skills], [experience], [certificate], [health], [license], [deleted_at]) VALUES (7, N'Patrol Operations, Risk Assessment', N'3 years', N'Risk Management Certificate', N'Excellent', N'Valid', NULL)
INSERT [dbo].[Job] ([id], [skills], [experience], [certificate], [health], [license], [deleted_at]) VALUES (8, N'Emergency Response, Safety Procedures', N'4 years', N'Emergency Response Certification', N'Good', N'Valid', NULL)
INSERT [dbo].[Job] ([id], [skills], [experience], [certificate], [health], [license], [deleted_at]) VALUES (9, N'Close Protection, Anti-Terrorism', N'6 years', N'Anti-Terrorism License', N'Excellent', N'Valid', NULL)
INSERT [dbo].[Job] ([id], [skills], [experience], [certificate], [health], [license], [deleted_at]) VALUES (10, N'Investigations, Conflict Resolution', N'7 years', N'Investigation Certificate', N'Good', N'Valid', NULL)
INSERT [dbo].[Job] ([id], [skills], [experience], [certificate], [health], [license], [deleted_at]) VALUES (11, N'Crowd Management, Evacuation Planning', N'4 years', N'Crowd Management Certification', N'Excellent', N'Valid', NULL)
INSERT [dbo].[Job] ([id], [skills], [experience], [certificate], [health], [license], [deleted_at]) VALUES (12, N'Tactical Firearms, Defensive Tactics', N'5 years', N'Tactical Firearms License', N'Good', N'Valid', NULL)
INSERT [dbo].[Job] ([id], [skills], [experience], [certificate], [health], [license], [deleted_at]) VALUES (13, N'Building Security, Alarm Systems', N'3 years', N'Building Security Certificate', N'Excellent', N'Valid', NULL)
INSERT [dbo].[Job] ([id], [skills], [experience], [certificate], [health], [license], [deleted_at]) VALUES (14, N'Physical Fitness, Emergency Drills', N'6 years', N'Physical Fitness Certification', N'Good', N'Valid', NULL)
INSERT [dbo].[Job] ([id], [skills], [experience], [certificate], [health], [license], [deleted_at]) VALUES (15, N'VIP Protection, Risk Analysis', N'7 years', N'VIP Protection License', N'Excellent', N'Valid', NULL)
INSERT [dbo].[Job] ([id], [skills], [experience], [certificate], [health], [license], [deleted_at]) VALUES (16, N'Hostage Negotiation, Tactical Response', N'5 years', N'Hostage Negotiation Certificate', N'Good', N'Valid', NULL)
INSERT [dbo].[Job] ([id], [skills], [experience], [certificate], [health], [license], [deleted_at]) VALUES (17, N'Public Safety, Incident Management', N'4 years', N'Public Safety Certification', N'Excellent', N'Valid', NULL)
INSERT [dbo].[Job] ([id], [skills], [experience], [certificate], [health], [license], [deleted_at]) VALUES (18, N'Cyber Security, Surveillance Systems', N'5 years', N'Cyber Security License', N'Good', N'Valid', NULL)
INSERT [dbo].[Job] ([id], [skills], [experience], [certificate], [health], [license], [deleted_at]) VALUES (19, N'Physical Security, Threat Assessment', N'6 years', N'Physical Security Certificate', N'Excellent', N'Valid', NULL)
INSERT [dbo].[Job] ([id], [skills], [experience], [certificate], [health], [license], [deleted_at]) VALUES (20, N'Security Consulting, Training Programs', N'7 years', N'Security Consulting License', N'Good', N'Valid', NULL)

SET IDENTITY_INSERT [dbo].[Job] OFF
GO
-----

INSERT [dbo].[JobImages] ([job_id], [image_id], [deleted_at]) VALUES (4, 1, NULL)
INSERT [dbo].[JobImages] ([job_id], [image_id], [deleted_at]) VALUES (4, 2, NULL)
INSERT [dbo].[JobImages] ([job_id], [image_id], [deleted_at]) VALUES (5, 3, NULL)
INSERT [dbo].[JobImages] ([job_id], [image_id], [deleted_at]) VALUES (5, 1, NULL)
INSERT [dbo].[JobImages] ([job_id], [image_id], [deleted_at]) VALUES (6, 2, NULL)
INSERT [dbo].[JobImages] ([job_id], [image_id], [deleted_at]) VALUES (6, 3, NULL)
INSERT [dbo].[JobImages] ([job_id], [image_id], [deleted_at]) VALUES (7, 1, NULL)
INSERT [dbo].[JobImages] ([job_id], [image_id], [deleted_at]) VALUES (7, 2, NULL)
INSERT [dbo].[JobImages] ([job_id], [image_id], [deleted_at]) VALUES (8, 3, NULL)
INSERT [dbo].[JobImages] ([job_id], [image_id], [deleted_at]) VALUES (8, 1, NULL)
INSERT [dbo].[JobImages] ([job_id], [image_id], [deleted_at]) VALUES (9, 2, NULL)
INSERT [dbo].[JobImages] ([job_id], [image_id], [deleted_at]) VALUES (9, 3, NULL)
INSERT [dbo].[JobImages] ([job_id], [image_id], [deleted_at]) VALUES (10, 1, NULL)
INSERT [dbo].[JobImages] ([job_id], [image_id], [deleted_at]) VALUES (10, 2, NULL)
INSERT [dbo].[JobImages] ([job_id], [image_id], [deleted_at]) VALUES (11, 3, NULL)
INSERT [dbo].[JobImages] ([job_id], [image_id], [deleted_at]) VALUES (11, 1, NULL)
INSERT [dbo].[JobImages] ([job_id], [image_id], [deleted_at]) VALUES (12, 2, NULL)
INSERT [dbo].[JobImages] ([job_id], [image_id], [deleted_at]) VALUES (12, 3, NULL)

GO
----
DELETE FROM [dbo].[JobImages]
WHERE 
      ([job_id] = 14 AND [image_id] = 3);

----
INSERT [dbo].[JobImages] ([job_id], [image_id], [deleted_at]) VALUES (21, 1, NULL)
INSERT [dbo].[JobImages] ([job_id], [image_id], [deleted_at]) VALUES (13, 2, NULL)
INSERT [dbo].[JobImages] ([job_id], [image_id], [deleted_at]) VALUES (14, 3, NULL)
INSERT [dbo].[JobImages] ([job_id], [image_id], [deleted_at]) VALUES (14, 1, NULL)
INSERT [dbo].[JobImages] ([job_id], [image_id], [deleted_at]) VALUES (15, 2, NULL)
INSERT [dbo].[JobImages] ([job_id], [image_id], [deleted_at]) VALUES (15, 3, NULL)
INSERT [dbo].[JobImages] ([job_id], [image_id], [deleted_at]) VALUES (16, 1, NULL)
INSERT [dbo].[JobImages] ([job_id], [image_id], [deleted_at]) VALUES (16, 2, NULL)
INSERT [dbo].[JobImages] ([job_id], [image_id], [deleted_at]) VALUES (17, 3, NULL)
INSERT [dbo].[JobImages] ([job_id], [image_id], [deleted_at]) VALUES (17, 1, NULL)
INSERT [dbo].[JobImages] ([job_id], [image_id], [deleted_at]) VALUES (18, 2, NULL)
INSERT [dbo].[JobImages] ([job_id], [image_id], [deleted_at]) VALUES (18, 3, NULL)
INSERT [dbo].[JobImages] ([job_id], [image_id], [deleted_at]) VALUES (19, 1, NULL)
INSERT [dbo].[JobImages] ([job_id], [image_id], [deleted_at]) VALUES (19, 2, NULL)
INSERT [dbo].[JobImages] ([job_id], [image_id], [deleted_at]) VALUES (20, 3, NULL)
INSERT [dbo].[JobImages] ([job_id], [image_id], [deleted_at]) VALUES (20, 1, NULL)
GO
----


SET IDENTITY_INSERT [dbo].[News] ON 

INSERT [dbo].[News] ([id], [title], [description], [deleted_at]) VALUES (4, N'Employee Training', N'Our latest employee training programs.', NULL)
INSERT [dbo].[News] ([id], [title], [description], [deleted_at]) VALUES (5, N'Office Expansion', N'We are expanding our office locations.', NULL)
INSERT [dbo].[News] ([id], [title], [description], [deleted_at]) VALUES (6, N'Safety Protocols', N'Updated safety protocols for better protection.', NULL)
INSERT [dbo].[News] ([id], [title], [description], [deleted_at]) VALUES (7, N'Partnerships', N'New partnerships with leading security firms.', NULL)
INSERT [dbo].[News] ([id], [title], [description], [deleted_at]) VALUES (8, N'Technology Upgrades', N'Upgrading our technology for enhanced service.', NULL)
INSERT [dbo].[News] ([id], [title], [description], [deleted_at]) VALUES (9, N'Community Events', N'Upcoming community events and engagements.', NULL)
INSERT [dbo].[News] ([id], [title], [description], [deleted_at]) VALUES (10, N'Holiday Schedule', N'Holiday schedule and office closures.', NULL)
INSERT [dbo].[News] ([id], [title], [description], [deleted_at]) VALUES (11, N'New Team Members', N'Introducing new team members to our staff.', NULL)
INSERT [dbo].[News] ([id], [title], [description], [deleted_at]) VALUES (12, N'Customer Testimonials', N'Highlighting positive customer testimonials.', NULL)
INSERT [dbo].[News] ([id], [title], [description], [deleted_at]) VALUES (13, N'Security Upgrades', N'Latest upgrades to our security systems.', NULL)
INSERT [dbo].[News] ([id], [title], [description], [deleted_at]) VALUES (14, N'Industry News', N'Recent news from the security industry.', NULL)
INSERT [dbo].[News] ([id], [title], [description], [deleted_at]) VALUES (15, N'Annual Review', N'Our annual review and performance report.', NULL)
INSERT [dbo].[News] ([id], [title], [description], [deleted_at]) VALUES (16, N'New Partnerships', N'New strategic partnerships announced.', NULL)
INSERT [dbo].[News] ([id], [title], [description], [deleted_at]) VALUES (17, N'Client Feedback', N'Sharing feedback from our valued clients.', NULL)
INSERT [dbo].[News] ([id], [title], [description], [deleted_at]) VALUES (18, N'Employee Highlights', N'Highlighting achievements of our employees.', NULL)
INSERT [dbo].[News] ([id], [title], [description], [deleted_at]) VALUES (19, N'New Security Features', N'Introducing new features in our security solutions.', NULL)
INSERT [dbo].[News] ([id], [title], [description], [deleted_at]) VALUES (20, N'Company Milestones', N'Celebrating our company milestones and achievements.', NULL)

SET IDENTITY_INSERT [dbo].[News] OFF
GO
----
INSERT [dbo].[NewsImages] ([news_id], [image_id], [deleted_at]) VALUES (4, 1, NULL)
INSERT [dbo].[NewsImages] ([news_id], [image_id], [deleted_at]) VALUES (5, 2, NULL)
INSERT [dbo].[NewsImages] ([news_id], [image_id], [deleted_at]) VALUES (6, 3, NULL)
INSERT [dbo].[NewsImages] ([news_id], [image_id], [deleted_at]) VALUES (7, 1, NULL)
INSERT [dbo].[NewsImages] ([news_id], [image_id], [deleted_at]) VALUES (8, 2, NULL)
INSERT [dbo].[NewsImages] ([news_id], [image_id], [deleted_at]) VALUES (9, 3, NULL)
INSERT [dbo].[NewsImages] ([news_id], [image_id], [deleted_at]) VALUES (10, 1, NULL)
INSERT [dbo].[NewsImages] ([news_id], [image_id], [deleted_at]) VALUES (11, 2, NULL)
INSERT [dbo].[NewsImages] ([news_id], [image_id], [deleted_at]) VALUES (12, 3, NULL)
INSERT [dbo].[NewsImages] ([news_id], [image_id], [deleted_at]) VALUES (13, 1, NULL)
INSERT [dbo].[NewsImages] ([news_id], [image_id], [deleted_at]) VALUES (14, 2, NULL)
INSERT [dbo].[NewsImages] ([news_id], [image_id], [deleted_at]) VALUES (15, 3, NULL)
INSERT [dbo].[NewsImages] ([news_id], [image_id], [deleted_at]) VALUES (16, 1, NULL)
INSERT [dbo].[NewsImages] ([news_id], [image_id], [deleted_at]) VALUES (17, 2, NULL)
INSERT [dbo].[NewsImages] ([news_id], [image_id], [deleted_at]) VALUES (18, 3, NULL)
INSERT [dbo].[NewsImages] ([news_id], [image_id], [deleted_at]) VALUES (19, 1, NULL)
INSERT [dbo].[NewsImages] ([news_id], [image_id], [deleted_at]) VALUES (20, 2, NULL)


GO
---
SET IDENTITY_INSERT [dbo].[Payment] ON 

INSERT [dbo].[Payment] ([id], [contract_id], [method], [note], [deleted_at]) VALUES (4, 4, N'transfer', N'Payment completed', NULL)
INSERT [dbo].[Payment] ([id], [contract_id], [method], [note], [deleted_at]) VALUES (5, 5, N'card', N'Paid via credit card', NULL)
INSERT [dbo].[Payment] ([id], [contract_id], [method], [note], [deleted_at]) VALUES (6, 6, N'installment', N'First installment received', NULL)
INSERT [dbo].[Payment] ([id], [contract_id], [method], [note], [deleted_at]) VALUES (7, 7, N'transfer', N'Full payment received', NULL)
INSERT [dbo].[Payment] ([id], [contract_id], [method], [note], [deleted_at]) VALUES (8, 8, N'card', N'Paid via credit card', NULL)
INSERT [dbo].[Payment] ([id], [contract_id], [method], [note], [deleted_at]) VALUES (9, 9, N'installment', N'First installment received', NULL)
INSERT [dbo].[Payment] ([id], [contract_id], [method], [note], [deleted_at]) VALUES (10, 10, N'transfer', N'Payment received in full', NULL)
INSERT [dbo].[Payment] ([id], [contract_id], [method], [note], [deleted_at]) VALUES (11, 11, N'card', N'Paid via credit card', NULL)
INSERT [dbo].[Payment] ([id], [contract_id], [method], [note], [deleted_at]) VALUES (12, 12, N'installment', N'First installment received', NULL)
INSERT [dbo].[Payment] ([id], [contract_id], [method], [note], [deleted_at]) VALUES (13, 13, N'transfer', N'Full payment completed', NULL)
INSERT [dbo].[Payment] ([id], [contract_id], [method], [note], [deleted_at]) VALUES (14, 14, N'card', N'Paid via credit card', NULL)
INSERT [dbo].[Payment] ([id], [contract_id], [method], [note], [deleted_at]) VALUES (15, 15, N'installment', N'Initial installment received', NULL)
INSERT [dbo].[Payment] ([id], [contract_id], [method], [note], [deleted_at]) VALUES (16, 16, N'transfer', N'Payment completed', NULL)
INSERT [dbo].[Payment] ([id], [contract_id], [method], [note], [deleted_at]) VALUES (17, 17, N'card', N'Paid via credit card', NULL)
INSERT [dbo].[Payment] ([id], [contract_id], [method], [note], [deleted_at]) VALUES (18, 18, N'installment', N'First installment received', NULL)
INSERT [dbo].[Payment] ([id], [contract_id], [method], [note], [deleted_at]) VALUES (19, 19, N'transfer', N'Full payment received', NULL)
INSERT [dbo].[Payment] ([id], [contract_id], [method], [note], [deleted_at]) VALUES (20, 20, N'card', N'Paid via credit card', NULL)

SET IDENTITY_INSERT [dbo].[Payment] OFF
GO
----
SET IDENTITY_INSERT [dbo].[Recruitment] ON 

INSERT [dbo].[Recruitment] ([id], [company_id], [position], [description], [status], [deleted_at]) VALUES (4, 1, N'Security Officer', N'Hiring security officers for various locations.', N'open', NULL)
INSERT [dbo].[Recruitment] ([id], [company_id], [position], [description], [status], [deleted_at]) VALUES (5, 2, N'Cyber Security Analyst', N'Seeking analysts to protect against cyber threats.', N'open', NULL)
INSERT [dbo].[Recruitment] ([id], [company_id], [position], [description], [status], [deleted_at]) VALUES (6, 3, N'Patrol Officer', N'Looking for officers to patrol the premises.', N'close', NULL)
INSERT [dbo].[Recruitment] ([id], [company_id], [position], [description], [status], [deleted_at]) VALUES (7, 1, N'Compliance Specialist', N'Responsible for ensuring compliance with security regulations.', N'open', NULL)
INSERT [dbo].[Recruitment] ([id], [company_id], [position], [description], [status], [deleted_at]) VALUES (8, 2, N'Access Control Manager', N'Managing access control systems and personnel.', N'open', NULL)
INSERT [dbo].[Recruitment] ([id], [company_id], [position], [description], [status], [deleted_at]) VALUES (9, 3, N'Security Consultant', N'Providing consultancy for security improvements.', N'close', NULL)
INSERT [dbo].[Recruitment] ([id], [company_id], [position], [description], [status], [deleted_at]) VALUES (10, 1, N'Risk Assessment Officer', N'Conducting risk assessments for different projects.', N'open', NULL)
INSERT [dbo].[Recruitment] ([id], [company_id], [position], [description], [status], [deleted_at]) VALUES (11, 2, N'Safety Coordinator', N'Ensuring safety protocols are followed.', N'open', NULL)
INSERT [dbo].[Recruitment] ([id], [company_id], [position], [description], [status], [deleted_at]) VALUES (12, 3, N'Security Trainer', N'Training new hires on security protocols.', N'close', NULL)
INSERT [dbo].[Recruitment] ([id], [company_id], [position], [description], [status], [deleted_at]) VALUES (13, 1, N'Event Coordinator', N'Coordinating security for various events.', N'open', NULL)
INSERT [dbo].[Recruitment] ([id], [company_id], [position], [description], [status], [deleted_at]) VALUES (14, 2, N'Incident Response Specialist', N'Responding to and managing security incidents.', N'open', NULL)
INSERT [dbo].[Recruitment] ([id], [company_id], [position], [description], [status], [deleted_at]) VALUES (15, 3, N'Corporate Security Officer', N'Ensuring security at corporate offices.', N'close', NULL)
INSERT [dbo].[Recruitment] ([id], [company_id], [position], [description], [status], [deleted_at]) VALUES (16, 1, N'Security Dispatcher', N'Dispatching security personnel to different locations.', N'open', NULL)
INSERT [dbo].[Recruitment] ([id], [company_id], [position], [description], [status], [deleted_at]) VALUES (17, 2, N'Security Systems Technician', N'Maintaining and troubleshooting security systems.', N'open', NULL)
INSERT [dbo].[Recruitment] ([id], [company_id], [position], [description], [status], [deleted_at]) VALUES (18, 3, N'Security Operations Manager', N'Overseeing security operations and staff.', N'close', NULL)
INSERT [dbo].[Recruitment] ([id], [company_id], [position], [description], [status], [deleted_at]) VALUES (19, 1, N'Alarm Response Specialist', N'Responding to alarm activations and incidents.', N'open', NULL)
INSERT [dbo].[Recruitment] ([id], [company_id], [position], [description], [status], [deleted_at]) VALUES (20, 2, N'Incident Investigator', N'Investigating security incidents and breaches.', N'open', NULL)

SET IDENTITY_INSERT [dbo].[Recruitment] OFF
GO
-----
SET IDENTITY_INSERT [dbo].[Report] ON 

INSERT [dbo].[Report] ([id], [title], [content], [created_at], [deleted_at]) VALUES (4, N'Security Audit Report', N'Results of the recent security audit.', CAST(N'2024-08-09T12:00:00.000' AS DateTime), NULL)
INSERT [dbo].[Report] ([id], [title], [content], [created_at], [deleted_at]) VALUES (5, N'Annual Security Review', N'Overview of security measures for the year.', CAST(N'2024-08-09T12:05:00.000' AS DateTime), NULL)
INSERT [dbo].[Report] ([id], [title], [content], [created_at], [deleted_at]) VALUES (6, N'Budget Report', N'Analysis of security budget and expenditures.', CAST(N'2024-08-09T12:10:00.000' AS DateTime), NULL)
INSERT [dbo].[Report] ([id], [title], [content], [created_at], [deleted_at]) VALUES (7, N'Operational Review', N'Review of daily security operations.', CAST(N'2024-08-09T12:15:00.000' AS DateTime), NULL)
INSERT [dbo].[Report] ([id], [title], [content], [created_at], [deleted_at]) VALUES (8, N'Security Equipment Status', N'Current status of security equipment.', CAST(N'2024-08-09T12:20:00.000' AS DateTime), NULL)
INSERT [dbo].[Report] ([id], [title], [content], [created_at], [deleted_at]) VALUES (9, N'Staff Training Report', N'Summary of training sessions and outcomes.', CAST(N'2024-08-09T12:25:00.000' AS DateTime), NULL)
INSERT [dbo].[Report] ([id], [title], [content], [created_at], [deleted_at]) VALUES (10, N'Incident Analysis', N'Analysis of recent security incidents.', CAST(N'2024-08-09T12:30:00.000' AS DateTime), NULL)
INSERT [dbo].[Report] ([id], [title], [content], [created_at], [deleted_at]) VALUES (11, N'Compliance Report', N'Report on compliance with security regulations.', CAST(N'2024-08-09T12:35:00.000' AS DateTime), NULL)
INSERT [dbo].[Report] ([id], [title], [content], [created_at], [deleted_at]) VALUES (12, N'Security Threat Assessment', N'Assessment of potential security threats.', CAST(N'2024-08-09T12:40:00.000' AS DateTime), NULL)
INSERT [dbo].[Report] ([id], [title], [content], [created_at], [deleted_at]) VALUES (13, N'Client Feedback Summary', N'Summary of feedback from clients.', CAST(N'2024-08-09T12:45:00.000' AS DateTime), NULL)
INSERT [dbo].[Report] ([id], [title], [content], [created_at], [deleted_at]) VALUES (14, N'Vendor Evaluation Report', N'Evaluation of security vendors.', CAST(N'2024-08-09T12:50:00.000' AS DateTime), NULL)
INSERT [dbo].[Report] ([id], [title], [content], [created_at], [deleted_at]) VALUES (15, N'Weekly Operations Summary', N'Summary of security operations for the week.', CAST(N'2024-08-09T12:55:00.000' AS DateTime), NULL)
INSERT [dbo].[Report] ([id], [title], [content], [created_at], [deleted_at]) VALUES (16, N'Health and Safety Report', N'Report on health and safety measures.', CAST(N'2024-08-09T13:00:00.000' AS DateTime), NULL)
INSERT [dbo].[Report] ([id], [title], [content], [created_at], [deleted_at]) VALUES (17, N'Employee Satisfaction Report', N'Report on employee satisfaction within the security team.', CAST(N'2024-08-09T13:05:00.000' AS DateTime), NULL)
INSERT [dbo].[Report] ([id], [title], [content], [created_at], [deleted_at]) VALUES (18, N'Security Policy Review', N'Review of current security policies and procedures.', CAST(N'2024-08-09T13:10:00.000' AS DateTime), NULL)
INSERT [dbo].[Report] ([id], [title], [content], [created_at], [deleted_at]) VALUES (19, N'Operations Efficiency Report', N'Analysis of efficiency in security operations.', CAST(N'2024-08-09T13:15:00.000' AS DateTime), NULL)
INSERT [dbo].[Report] ([id], [title], [content], [created_at], [deleted_at]) VALUES (20, N'Incident Response Report', N'Evaluation of incident response effectiveness.', CAST(N'2024-08-09T13:20:00.000' AS DateTime), NULL)

SET IDENTITY_INSERT [dbo].[Report] OFF
GO
----

INSERT [dbo].[ReportTimesheets] ([report_id], [timesheet_id], [deleted_at]) VALUES (4, 4, NULL)
INSERT [dbo].[ReportTimesheets] ([report_id], [timesheet_id], [deleted_at]) VALUES (5, 5, NULL)
INSERT [dbo].[ReportTimesheets] ([report_id], [timesheet_id], [deleted_at]) VALUES (6, 6, NULL)
INSERT [dbo].[ReportTimesheets] ([report_id], [timesheet_id], [deleted_at]) VALUES (7, 7, NULL)
INSERT [dbo].[ReportTimesheets] ([report_id], [timesheet_id], [deleted_at]) VALUES (8, 8, NULL)
INSERT [dbo].[ReportTimesheets] ([report_id], [timesheet_id], [deleted_at]) VALUES (9, 9, NULL)
INSERT [dbo].[ReportTimesheets] ([report_id], [timesheet_id], [deleted_at]) VALUES (10, 10, NULL)
INSERT [dbo].[ReportTimesheets] ([report_id], [timesheet_id], [deleted_at]) VALUES (11, 11, NULL)
INSERT [dbo].[ReportTimesheets] ([report_id], [timesheet_id], [deleted_at]) VALUES (12, 12, NULL)
INSERT [dbo].[ReportTimesheets] ([report_id], [timesheet_id], [deleted_at]) VALUES (13, 13, NULL)
INSERT [dbo].[ReportTimesheets] ([report_id], [timesheet_id], [deleted_at]) VALUES (14, 14, NULL)
INSERT [dbo].[ReportTimesheets] ([report_id], [timesheet_id], [deleted_at]) VALUES (15, 15, NULL)
INSERT [dbo].[ReportTimesheets] ([report_id], [timesheet_id], [deleted_at]) VALUES (16, 16, NULL)
INSERT [dbo].[ReportTimesheets] ([report_id], [timesheet_id], [deleted_at]) VALUES (17, 17, NULL)
INSERT [dbo].[ReportTimesheets] ([report_id], [timesheet_id], [deleted_at]) VALUES (18, 18, NULL)
INSERT [dbo].[ReportTimesheets] ([report_id], [timesheet_id], [deleted_at]) VALUES (19, 19, NULL)
INSERT [dbo].[ReportTimesheets] ([report_id], [timesheet_id], [deleted_at]) VALUES (20, 20, NULL)
INSERT [dbo].[ReportTimesheets] ([report_id], [timesheet_id], [deleted_at]) VALUES (21, 21, NULL)
INSERT [dbo].[ReportTimesheets] ([report_id], [timesheet_id], [deleted_at]) VALUES (22, 22, NULL)


GO
---
SET IDENTITY_INSERT [dbo].[Timesheets] ON 

INSERT [dbo].[Timesheets] ([id], [salary_id], [work_day], [off_day], [start_time], [end_time], [status], [deleted_at]) VALUES (4, 4, CAST(N'2024-08-07' AS Date), CAST(N'2024-08-08' AS Date), CAST(N'2024-08-07T08:00:00.000' AS DateTime), CAST(N'2024-08-07T17:00:00.000' AS DateTime), N'approve', NULL)
INSERT [dbo].[Timesheets] ([id], [salary_id], [work_day], [off_day], [start_time], [end_time], [status], [deleted_at]) VALUES (5, 5, CAST(N'2024-08-09' AS Date), CAST(N'2024-08-10' AS Date), CAST(N'2024-08-09T09:00:00.000' AS DateTime), CAST(N'2024-08-09T18:00:00.000' AS DateTime), N'is_pending', NULL)
INSERT [dbo].[Timesheets] ([id], [salary_id], [work_day], [off_day], [start_time], [end_time], [status], [deleted_at]) VALUES (6, 6, CAST(N'2024-08-11' AS Date), CAST(N'2024-08-12' AS Date), CAST(N'2024-08-11T07:00:00.000' AS DateTime), CAST(N'2024-08-11T16:00:00.000' AS DateTime), N'approve', NULL)
INSERT [dbo].[Timesheets] ([id], [salary_id], [work_day], [off_day], [start_time], [end_time], [status], [deleted_at]) VALUES (7, 7, CAST(N'2024-08-13' AS Date), CAST(N'2024-08-14' AS Date), CAST(N'2024-08-13T08:00:00.000' AS DateTime), CAST(N'2024-08-13T17:00:00.000' AS DateTime), N'approve', NULL)
INSERT [dbo].[Timesheets] ([id], [salary_id], [work_day], [off_day], [start_time], [end_time], [status], [deleted_at]) VALUES (8, 8, CAST(N'2024-08-15' AS Date), CAST(N'2024-08-16' AS Date), CAST(N'2024-08-15T09:00:00.000' AS DateTime), CAST(N'2024-08-15T18:00:00.000' AS DateTime), N'is_pending', NULL)
INSERT [dbo].[Timesheets] ([id], [salary_id], [work_day], [off_day], [start_time], [end_time], [status], [deleted_at]) VALUES (9, 9, CAST(N'2024-08-17' AS Date), CAST(N'2024-08-18' AS Date), CAST(N'2024-08-17T07:00:00.000' AS DateTime), CAST(N'2024-08-17T16:00:00.000' AS DateTime), N'approve', NULL)
INSERT [dbo].[Timesheets] ([id], [salary_id], [work_day], [off_day], [start_time], [end_time], [status], [deleted_at]) VALUES (10, 10, CAST(N'2024-08-19' AS Date), CAST(N'2024-08-20' AS Date), CAST(N'2024-08-19T08:00:00.000' AS DateTime), CAST(N'2024-08-19T17:00:00.000' AS DateTime), N'approve', NULL)
INSERT [dbo].[Timesheets] ([id], [salary_id], [work_day], [off_day], [start_time], [end_time], [status], [deleted_at]) VALUES (11, 11, CAST(N'2024-08-21' AS Date), CAST(N'2024-08-22' AS Date), CAST(N'2024-08-21T09:00:00.000' AS DateTime), CAST(N'2024-08-21T18:00:00.000' AS DateTime), N'is_pending', NULL)
INSERT [dbo].[Timesheets] ([id], [salary_id], [work_day], [off_day], [start_time], [end_time], [status], [deleted_at]) VALUES (12, 12, CAST(N'2024-08-23' AS Date), CAST(N'2024-08-24' AS Date), CAST(N'2024-08-23T07:00:00.000' AS DateTime), CAST(N'2024-08-23T16:00:00.000' AS DateTime), N'approve', NULL)
INSERT [dbo].[Timesheets] ([id], [salary_id], [work_day], [off_day], [start_time], [end_time], [status], [deleted_at]) VALUES (13, 13, CAST(N'2024-08-25' AS Date), CAST(N'2024-08-26' AS Date), CAST(N'2024-08-25T08:00:00.000' AS DateTime), CAST(N'2024-08-25T17:00:00.000' AS DateTime), N'approve', NULL)
INSERT [dbo].[Timesheets] ([id], [salary_id], [work_day], [off_day], [start_time], [end_time], [status], [deleted_at]) VALUES (14, 14, CAST(N'2024-08-27' AS Date), CAST(N'2024-08-28' AS Date), CAST(N'2024-08-27T09:00:00.000' AS DateTime), CAST(N'2024-08-27T18:00:00.000' AS DateTime), N'is_pending', NULL)
INSERT [dbo].[Timesheets] ([id], [salary_id], [work_day], [off_day], [start_time], [end_time], [status], [deleted_at]) VALUES (15, 15, CAST(N'2024-08-29' AS Date), CAST(N'2024-08-30' AS Date), CAST(N'2024-08-29T07:00:00.000' AS DateTime), CAST(N'2024-08-29T16:00:00.000' AS DateTime), N'approve', NULL)
INSERT [dbo].[Timesheets] ([id], [salary_id], [work_day], [off_day], [start_time], [end_time], [status], [deleted_at]) VALUES (16, 16, CAST(N'2024-08-31' AS Date), CAST(N'2024-09-01' AS Date), CAST(N'2024-08-31T08:00:00.000' AS DateTime), CAST(N'2024-08-31T17:00:00.000' AS DateTime), N'approve', NULL)
INSERT [dbo].[Timesheets] ([id], [salary_id], [work_day], [off_day], [start_time], [end_time], [status], [deleted_at]) VALUES (17, 17, CAST(N'2024-09-02' AS Date), CAST(N'2024-09-03' AS Date), CAST(N'2024-09-02T09:00:00.000' AS DateTime), CAST(N'2024-09-02T18:00:00.000' AS DateTime), N'is_pending', NULL)
INSERT [dbo].[Timesheets] ([id], [salary_id], [work_day], [off_day], [start_time], [end_time], [status], [deleted_at]) VALUES (18, 18, CAST(N'2024-09-04' AS Date), CAST(N'2024-09-05' AS Date), CAST(N'2024-09-04T07:00:00.000' AS DateTime), CAST(N'2024-09-04T16:00:00.000' AS DateTime), N'approve', NULL)
INSERT [dbo].[Timesheets] ([id], [salary_id], [work_day], [off_day], [start_time], [end_time], [status], [deleted_at]) VALUES (19, 19, CAST(N'2024-09-06' AS Date), CAST(N'2024-09-07' AS Date), CAST(N'2024-09-06T08:00:00.000' AS DateTime), CAST(N'2024-09-06T17:00:00.000' AS DateTime), N'approve', NULL)
INSERT [dbo].[Timesheets] ([id], [salary_id], [work_day], [off_day], [start_time], [end_time], [status], [deleted_at]) VALUES (20, 20, CAST(N'2024-09-08' AS Date), CAST(N'2024-09-09' AS Date), CAST(N'2024-09-08T09:00:00.000' AS DateTime), CAST(N'2024-09-08T18:00:00.000' AS DateTime), N'is_pending', NULL)

SET IDENTITY_INSERT [dbo].[Timesheets] OFF
GO
----
SET IDENTITY_INSERT [dbo].[Salary] ON 

INSERT [dbo].[Salary] ([id], [basic_salary], [total_work], [discipline], [bonus], [deleted_at]) VALUES (4, 5500, 22, 120, 600, NULL)
INSERT [dbo].[Salary] ([id], [basic_salary], [total_work], [discipline], [bonus], [deleted_at]) VALUES (5, 4600, 20, 80, 350, NULL)
INSERT [dbo].[Salary] ([id], [basic_salary], [total_work], [discipline], [bonus], [deleted_at]) VALUES (6, 4700, 21, 70, 400, NULL)
INSERT [dbo].[Salary] ([id], [basic_salary], [total_work], [discipline], [bonus], [deleted_at]) VALUES (7, 4900, 23, 90, 500, NULL)
INSERT [dbo].[Salary] ([id], [basic_salary], [total_work], [discipline], [bonus], [deleted_at]) VALUES (8, 4800, 19, 60, 450, NULL)
INSERT [dbo].[Salary] ([id], [basic_salary], [total_work], [discipline], [bonus], [deleted_at]) VALUES (9, 5000, 25, 100, 550, NULL)
INSERT [dbo].[Salary] ([id], [basic_salary], [total_work], [discipline], [bonus], [deleted_at]) VALUES (10, 5100, 24, 110, 600, NULL)
INSERT [dbo].[Salary] ([id], [basic_salary], [total_work], [discipline], [bonus], [deleted_at]) VALUES (11, 5200, 26, 130, 650, NULL)
INSERT [dbo].[Salary] ([id], [basic_salary], [total_work], [discipline], [bonus], [deleted_at]) VALUES (12, 5300, 27, 140, 700, NULL)
INSERT [dbo].[Salary] ([id], [basic_salary], [total_work], [discipline], [bonus], [deleted_at]) VALUES (13, 5400, 28, 150, 750, NULL)
INSERT [dbo].[Salary] ([id], [basic_salary], [total_work], [discipline], [bonus], [deleted_at]) VALUES (14, 5500, 29, 160, 800, NULL)
INSERT [dbo].[Salary] ([id], [basic_salary], [total_work], [discipline], [bonus], [deleted_at]) VALUES (15, 5600, 30, 170, 850, NULL)
INSERT [dbo].[Salary] ([id], [basic_salary], [total_work], [discipline], [bonus], [deleted_at]) VALUES (16, 5700, 31, 180, 900, NULL)
INSERT [dbo].[Salary] ([id], [basic_salary], [total_work], [discipline], [bonus], [deleted_at]) VALUES (17, 5800, 32, 190, 950, NULL)
INSERT [dbo].[Salary] ([id], [basic_salary], [total_work], [discipline], [bonus], [deleted_at]) VALUES (18, 5900, 33, 200, 1000, NULL)
INSERT [dbo].[Salary] ([id], [basic_salary], [total_work], [discipline], [bonus], [deleted_at]) VALUES (19, 6000, 34, 210, 1050, NULL)
INSERT [dbo].[Salary] ([id], [basic_salary], [total_work], [discipline], [bonus], [deleted_at]) VALUES (20, 6100, 35, 220, 1100, NULL)

SET IDENTITY_INSERT [dbo].[Salary] OFF
GO

-----
SET IDENTITY_INSERT [dbo].[Service] ON 

INSERT [dbo].[Service] ([id], [company_id], [name], [description], [price], [deleted_at]) VALUES (4, 1, N'Office Security', N'Security solutions for offices and commercial properties', 3500, NULL)
INSERT [dbo].[Service] ([id], [company_id], [name], [description], [price], [deleted_at]) VALUES (5, 2, N'Personal Bodyguard', N'One-on-one protection services for individuals', 6000, NULL)
INSERT [dbo].[Service] ([id], [company_id], [name], [description], [price], [deleted_at]) VALUES (6, 3, N'Patrol Services', N'Regular patrol services for enhanced security', 2500, NULL)
INSERT [dbo].[Service] ([id], [company_id], [name], [description], [price], [deleted_at]) VALUES (7, 1, N'Alarm Monitoring', N'24/7 monitoring of alarm systems', 1500, NULL)
INSERT [dbo].[Service] ([id], [company_id], [name], [description], [price], [deleted_at]) VALUES (8, 2, N'Access Control', N'Solutions for controlling and monitoring access points', 2800, NULL)
INSERT [dbo].[Service] ([id], [company_id], [name], [description], [price], [deleted_at]) VALUES (9, 3, N'Incident Response', N'Response services for security incidents', 4000, NULL)
INSERT [dbo].[Service] ([id], [company_id], [name], [description], [price], [deleted_at]) VALUES (10, 1, N'Video Surveillance', N'Installation and monitoring of CCTV systems', 4500, NULL)
INSERT [dbo].[Service] ([id], [company_id], [name], [description], [price], [deleted_at]) VALUES (11, 2, N'Event Staffing', N'Security staff for events and functions', 3200, NULL)
INSERT [dbo].[Service] ([id], [company_id], [name], [description], [price], [deleted_at]) VALUES (12, 3, N'Cybersecurity', N'Security services for digital and online threats', 5500, NULL)
INSERT [dbo].[Service] ([id], [company_id], [name], [description], [price], [deleted_at]) VALUES (13, 1, N'Cash Transport', N'Secure transportation of cash and valuables', 7000, NULL)
INSERT [dbo].[Service] ([id], [company_id], [name], [description], [price], [deleted_at]) VALUES (14, 2, N'Customer Service Security', N'Security services for retail and customer-facing businesses', 2900, NULL)
INSERT [dbo].[Service] ([id], [company_id], [name], [description], [price], [deleted_at]) VALUES (15, 3, N'VIP Escorts', N'Escort services for high-profile individuals', 6500, NULL)
INSERT [dbo].[Service] ([id], [company_id], [name], [description], [price], [deleted_at]) VALUES (16, 1, N'Building Security', N'Security solutions for building complexes', 3600, NULL)
INSERT [dbo].[Service] ([id], [company_id], [name], [description], [price], [deleted_at]) VALUES (17, 2, N'Perimeter Security', N'Security services for securing property perimeters', 3000, NULL)
INSERT [dbo].[Service] ([id], [company_id], [name], [description], [price], [deleted_at]) VALUES (18, 3, N'Traffic Control', N'Security services for managing traffic and crowd control', 2700, NULL)
INSERT [dbo].[Service] ([id], [company_id], [name], [description], [price], [deleted_at]) VALUES (19, 1, N'Guard Services', N'Security guards for various needs', 3500, NULL)
INSERT [dbo].[Service] ([id], [company_id], [name], [description], [price], [deleted_at]) VALUES (20, 2, N'Hotel Security', N'Security services for hotels and accommodations', 3100, NULL)

SET IDENTITY_INSERT [dbo].[Service] OFF
GO
----
INSERT [dbo].[ServiceCompany] ([service_id], [company_id], [deleted_at]) VALUES (4, 1, NULL)
INSERT [dbo].[ServiceCompany] ([service_id], [company_id], [deleted_at]) VALUES (5, 2, NULL)
INSERT [dbo].[ServiceCompany] ([service_id], [company_id], [deleted_at]) VALUES (6, 3, NULL)
INSERT [dbo].[ServiceCompany] ([service_id], [company_id], [deleted_at]) VALUES (7, 1, NULL)
INSERT [dbo].[ServiceCompany] ([service_id], [company_id], [deleted_at]) VALUES (8, 2, NULL)
INSERT [dbo].[ServiceCompany] ([service_id], [company_id], [deleted_at]) VALUES (9, 3, NULL)
INSERT [dbo].[ServiceCompany] ([service_id], [company_id], [deleted_at]) VALUES (10, 1, NULL)
INSERT [dbo].[ServiceCompany] ([service_id], [company_id], [deleted_at]) VALUES (11, 2, NULL)
INSERT [dbo].[ServiceCompany] ([service_id], [company_id], [deleted_at]) VALUES (12, 3, NULL)
INSERT [dbo].[ServiceCompany] ([service_id], [company_id], [deleted_at]) VALUES (13, 1, NULL)
INSERT [dbo].[ServiceCompany] ([service_id], [company_id], [deleted_at]) VALUES (14, 2, NULL)
INSERT [dbo].[ServiceCompany] ([service_id], [company_id], [deleted_at]) VALUES (15, 3, NULL)
INSERT [dbo].[ServiceCompany] ([service_id], [company_id], [deleted_at]) VALUES (16, 1, NULL)
INSERT [dbo].[ServiceCompany] ([service_id], [company_id], [deleted_at]) VALUES (17, 2, NULL)
INSERT [dbo].[ServiceCompany] ([service_id], [company_id], [deleted_at]) VALUES (18, 3, NULL)
INSERT [dbo].[ServiceCompany] ([service_id], [company_id], [deleted_at]) VALUES (19, 1, NULL)
INSERT [dbo].[ServiceCompany] ([service_id], [company_id], [deleted_at]) VALUES (20, 2, NULL)

GO